date,ticker,close,ret_21,ret_63,ret_126,spy_ret_63,rs_63,ma_20,ma_50,ma_100,vol_ratio,atr_pct,extension_pct,relative_strength_score,trend_score,structure_score,volume_score,volatility_score,extension_score,total_score,signal,tag
2026-03-18,AKAM,108.86000061035156,0.004058314414658204,0.258060812967414,0.425242269244519,-0.028351899206317865,0.2864127121737319,102.54650001525879,98.36720001220704,91.49419982910156,1.1278906111951774,0.041412943394602574,0.06156719726322532,2,2,1,1,1,1,8,Strong Bullish,neutral
2026-03-18,SEDG,44.880001068115234,0.20872609149088284,0.5725297697414586,0.35548173484732226,-0.028351899206317865,0.6008816689477765,38.42250022888184,35.75920009613037,34.79260009765625,1.1173245925444808,0.07366470329649406,0.16806560741144466,2,2,1,1,1,1,8,Strong Bullish,momentum
2026-03-18,AMPX,18.899999618530273,0.9344932172967815,0.8805969412771018,1.0678335786210016,-0.028351899206317865,0.9089488404834196,14.434500122070313,12.4153999710083,11.673599991798401,1.1137093099432043,0.07911187790788676,0.30936294701554806,2,2,1,1,1,0,7,Strong Bullish,extended
2026-03-18,CMA,88.66999816894531,0.01371895428713188,0.15500849350308887,0.3122687371528481,-0.028351899206317865,0.18336039270940674,92.26399993896484,87.51540008544922,81.03879989624023,1.6799164022927249,0.031154060229651555,-0.03895345717069563,2,2,0,1,1,1,7,Strong Bullish,neutral
2026-03-18,CVX,198.61000061035156,0.10002767794701461,0.3258344229921628,0.24489161945837123,-0.028351899206317865,0.3541863221984807,189.65349960327148,178.9329992675781,165.6408999633789,1.0177374424321544,0.02069742500869939,0.04722560367098852,2,2,1,0,1,1,7,Strong Bullish,early_breakout
2026-03-18,RNG,37.06999969482422,0.2782758515456627,0.2708261775066121,0.18776035829065374,-0.028351899206317865,0.29917807671292995,37.50949974060059,31.54639980316162,30.14029993057251,1.1970943489538264,0.05604435545199172,-0.011717032986730335,2,2,0,1,1,1,7,Strong Bullish,early_breakout
2026-03-18,XOM,157.58999633789062,0.07798066698202266,0.3382302435387432,0.37417157236245857,-0.028351899206317865,0.36658214274506107,151.98199920654298,143.3757992553711,130.3792997741699,0.993419325697053,0.025638412406459636,0.0368990877908271,2,2,1,0,1,1,7,Strong Bullish,early_breakout
2026-03-18,EXAS,103.75,0.004259049964227213,0.019756262811425174,0.9597658234100641,-0.028351899206317865,0.04810816201774304,103.46799964904785,102.91199996948242,95.34559982299805,0.9498004968846779,0.0031910513846681366,0.002725483742883403,1,2,1,0,1,1,6,Strong Bullish,neutral
2026-03-18,FSLY,26.8799991607666,0.52208377083908,1.604651158492544,2.19239892128336,-0.028351899206317865,1.633003057698862,21.01224994659424,14.642199993133545,12.49649999141693,1.1639282931152652,0.08311012423747234,0.27925373194618003,2,2,1,1,0,0,6,Strong Bullish,extended
2026-03-18,FTNT,83.38999938964844,0.020810342727820785,0.02293919067207284,0.04524944429164823,-0.028351899206317865,0.051291089878390705,81.48049964904786,80.90800033569336,81.53220016479492,0.8807807105753074,0.03296191754095227,0.023435051930525242,2,2,0,0,1,1,6,Strong Bullish,neutral
2026-03-18,NET,225.47999572753906,0.16418837388635565,0.1463141801007235,0.028461914240234698,-0.028351899206317865,0.17466607930704137,191.83050079345702,186.72320098876952,198.00480041503906,0.818448083022198,0.04421552661960072,0.17541264186299702,2,2,0,0,1,1,6,Strong Bullish,early_breakout
2026-03-18,NTLA,13.210000038146973,0.08101470945048295,0.44529535469848924,0.07660957989520933,-0.028351899206317865,0.4736472539048071,13.470249938964844,12.863899936676026,11.654299964904785,0.7983432317161991,0.07371362541316906,-0.01932034683818728,2,2,0,0,1,1,6,Strong Bullish,early_breakout
2026-03-18,NVAX,10.010000228881836,0.15722551102061688,0.5212766481680902,0.16939249277864699,-0.028351899206317865,0.549628547374408,10.043999910354614,9.145399923324584,8.126499967575073,0.9943323563395651,0.0705722788890428,-0.0033850738526717016,2,2,0,0,1,1,6,Strong Bullish,early_breakout
2026-03-18,ABNB,131.1300048828125,0.055542150361648446,-0.005158885428845905,0.07783988932800368,-0.028351899206317865,0.02319301377747196,131.12999992370607,130.14449981689452,127.85624977111816,0.9761121814591174,0.03518862044234478,3.781824477106016e-08,1,1,1,0,1,1,5,Strong Bullish,early_breakout
2026-03-18,ASTS,90.73999786376953,0.09285799347012769,0.3381507319088497,1.2443729205748522,-0.028351899206317865,0.36650263111516757,88.29674949645997,96.07269973754883,82.70339958190918,0.828970251080014,0.09498802410364071,0.02767087555592882,2,2,0,0,0,1,5,Strong Bullish,early_breakout
2026-03-18,AXSM,157.8699951171875,-0.13873435630761954,0.07952673131270549,0.38361084336906304,-0.028351899206317865,0.10787863051902336,165.10025024414062,174.8584014892578,160.4786001586914,0.9797652373031438,0.029239258990795988,-0.043793120339075474,2,1,0,0,1,1,5,Strong Bullish,neutral
2026-03-18,BE,156.5800018310547,0.07748413115417851,0.747934791588418,1.1364442608143204,-0.028351899206317865,0.7762866907947359,157.87700119018555,149.48140075683594,128.23620056152345,0.8593753917731128,0.09218652308115607,-0.008215252059218194,2,2,0,0,0,1,5,Strong Bullish,early_breakout
2026-03-18,COST,979.9199829101562,-0.03174744851573996,0.13870036451866974,0.0292520249264121,-0.028351899206317865,0.1670522637249876,996.6119964599609,977.9275964355469,937.4209985351563,0.8070249761111566,0.019863863047351764,-0.016748758402563787,2,1,0,0,1,1,5,Strong Bullish,neutral
2026-03-18,ENPH,43.279998779296875,-0.05170904123383557,0.37966202172261476,0.11002813326882555,-0.028351899206317865,0.4080139209289326,44.238000297546385,42.008600082397464,36.55520004272461,0.6986618725041877,0.06099815807634492,-0.021655624390929915,2,1,0,0,1,1,5,Strong Bullish,neutral
2026-03-18,IREN,42.209999084472656,0.03026599528493379,0.18968431874483982,0.15802464200191957,-0.028351899206317865,0.21803621795115768,41.660249900817874,46.33980010986328,47.712700042724606,0.8490291795695958,0.08410330262906715,0.013196012625070443,2,2,0,0,0,1,5,Strong Bullish,neutral
2026-03-18,MRNA,52.400001525878906,0.19280676444031797,0.7513369449285596,1.109500853622972,-0.028351899206317865,0.7796888441348775,52.80675048828125,46.41680015563965,36.85580005645752,0.7999905947899482,0.08065293658569338,-0.007702594055519689,2,2,0,0,0,1,5,Strong Bullish,early_breakout
2026-03-18,NIO,5.820000171661377,0.18292684581528884,0.16633275322921026,-0.1709401442344104,-0.028351899206317865,0.19468465243552813,5.236000037193298,4.938999996185303,5.363599996566773,1.0482979321163415,0.053264599260457665,0.11153554818940109,2,1,0,0,1,1,5,Strong Bullish,early_breakout
2026-03-18,NVDA,180.39999389648438,-0.024706748629827247,0.023313862197956503,0.03156443766896522,-0.028351899206317865,0.05166576140427437,184.44399948120116,185.10220001220702,185.8851005554199,1.0796048329671095,0.03207950259535964,-0.02192538437732672,2,1,0,0,1,1,5,Strong Bullish,neutral
2026-03-18,PLUG,2.319999933242798,0.27472520130813205,0.04504500150622537,0.38095238433132916,-0.028351899206317865,0.07339690071254323,2.0929999947547913,2.1499999880790712,2.2264999961853027,0.9436884980159173,0.08774629766692586,0.10845673151308399,2,2,0,0,0,1,5,Strong Bullish,early_breakout
2026-03-18,TWST,44.459999084472656,-0.15922847605083623,0.4309623276848311,0.6418020387641141,-0.028351899206317865,0.459314226891149,47.138000106811525,45.17300010681152,38.234800033569336,0.7452651832966948,0.06831999513044483,-0.05681193551424963,2,1,0,0,1,1,5,Strong Bullish,neutral
2026-03-18,WMT,121.9800033569336,-0.05331783019911385,0.04443875674904829,0.17946243972726572,-0.028351899206317865,0.07279065595536616,125.31599960327148,123.29919998168945,115.91029991149902,0.6631161418174899,0.022837466872031694,-0.026620672993864034,2,1,0,0,1,1,5,Strong Bullish,neutral
2026-03-18,XPEV,18.770000457763672,0.052130061503439684,0.025122938571184417,-0.12494173472507242,-0.028351899206317865,0.05347483777750228,18.121500062942506,18.594600009918214,20.017500104904176,1.043198185564312,0.044504906802671454,0.03578624245060787,2,1,0,0,1,1,5,Strong Bullish,early_breakout
2026-03-18,BIDU,121.87000274658203,-0.11257553978257251,0.02558277260526709,-0.015510123230837447,-0.028351899206317865,0.053934671811584955,125.28650131225587,139.195,131.41550010681152,0.8724830506249086,0.033894435614727256,-0.0272694865758824,2,0,0,0,1,1,4,Bullish,neutral
2026-03-18,BILI,25.5,-0.1747572713655302,0.03996735415745212,-0.06900326512466914,-0.028351899206317865,0.06831925336376998,27.21599988937378,29.883999938964845,28.229599990844726,0.9155744673829362,0.04763305087049468,-0.0630511425760174,2,0,0,0,1,1,4,Bullish,neutral
2026-03-18,CHRS,1.5800000429153442,-0.01863352243678007,0.13669069005455747,0.1617647252177694,-0.028351899206317865,0.16504258926087534,1.710499995946884,1.8134999942779542,1.5937999987602234,0.5690089187429453,0.08128390276803424,-0.0762934541600503,2,1,0,0,0,1,4,Bullish,neutral
2026-03-18,ETSY,54.119998931884766,0.22001799340047068,0.01863349979045381,-0.08904226441868568,-0.028351899206317865,0.04698539899677168,53.78549995422363,55.3326000213623,56.47980007171631,1.018656897994209,0.047527983182384576,0.006219129281048301,1,1,0,0,1,1,4,Bullish,early_breakout
2026-03-18,GOOGL,307.69000244140625,0.01877363629556883,-0.001719547002783095,0.22507564084665255,-0.028351899206317865,0.02663235220353477,306.84949951171876,318.54339904785155,308.8667997741699,0.8703884852265737,0.022647572849181872,0.002739137365467299,1,1,0,0,1,1,4,Bullish,neutral
2026-03-18,HUT,49.36000061035156,-0.06762368925622264,0.39277659489388106,0.4090779997264482,-0.028351899206317865,0.4211284941001989,51.82249984741211,54.85229995727539,49.54014984130859,0.8775808258897527,0.0851846553252365,-0.04751795541147596,2,1,0,0,0,1,4,Bullish,neutral
2026-03-18,LI,17.049999237060547,-0.07336958747054367,0.024639414810746052,-0.34699353356962737,-0.028351899206317865,0.05299131401706392,17.791999912261964,17.475599937438965,18.00509998321533,0.8641174401261855,0.03960620400528848,-0.041704174846024046,2,0,0,0,1,1,4,Bullish,neutral
2026-03-18,NFLX,94.69999694824219,0.22987009023691152,0.009917887794278268,-0.21116862854755147,-0.028351899206317865,0.038269787000596134,91.44649848937988,87.12860000610351,95.26390998840333,1.023863976363164,0.031833600793742485,0.03557816332617869,1,1,0,0,1,1,4,Bullish,early_breakout
2026-03-18,PATH,12.449999809265137,0.1380256203656025,-0.22957921244913249,0.07605878458532556,-0.028351899206317865,-0.20122731324281462,11.238499927520753,12.855199909210205,14.226799955368042,1.2798922880522805,0.05862421047884661,0.10779907368043598,0,1,0,1,1,1,4,Bullish,early_breakout
2026-03-18,RKLB,69.4800033569336,-0.005866304711623305,0.25392534828131064,0.47063191719204034,-0.028351899206317865,0.2822772474876285,71.06100044250488,77.01360061645508,66.71595035552978,0.8825932775290706,0.08242246159149232,-0.02224844958171481,2,1,0,0,0,1,4,Bullish,neutral
2026-03-18,TXG,17.350000381469727,-0.06820625137071468,0.100888333089872,0.3214013884422955,-0.028351899206317865,0.12924023229618986,20.158499908447265,20.138800048828124,18.140800037384032,0.9112427552714026,0.0830835706551883,-0.1393208591776543,2,1,0,0,0,1,4,Bullish,neutral
2026-03-18,WULF,15.300000190734863,-0.054388139545301306,0.22498002170620812,0.39853754822528087,-0.028351899206317865,0.253331920912526,15.568000030517577,14.795200042724609,14.132200031280517,0.9526386822617976,0.09056955379556096,-0.017214789263705066,2,1,0,0,0,1,4,Bullish,neutral
2026-03-18,ADMA,14.869999885559082,-0.06771159477247757,-0.24632538111688074,-0.05226256958282127,-0.028351899206317865,-0.21797348191056287,15.77800006866455,16.54300006866455,17.074300003051757,1.3299572077890989,0.05580699387129794,-0.05754849658726875,0,0,0,1,1,1,3,Bullish,neutral
2026-03-18,AGNC,10.300000190734863,-0.08849557372750516,-0.005791454433467291,0.016781843472202906,-0.028351899206317865,0.022560444772850574,10.876500034332276,11.259400043487549,10.826200008392334,1.0010449240519488,0.02711511633153216,-0.0530041687838605,1,0,0,0,1,1,3,Bullish,neutral
2026-03-18,ARRY,6.860000133514404,-0.39238262562505155,-0.19008265439868477,-0.11254849720729498,-0.028351899206317865,-0.1617307551923669,8.042499947547913,9.632899980545044,9.057349972724914,1.1909423693457266,0.06842980992419252,-0.14703137354623705,0,0,0,1,1,1,3,Bullish,neutral
2026-03-18,BKNG,4381.39013671875,0.05826847821100234,-0.19720945088155806,-0.1997475211409797,-0.028351899206317865,-0.1688575516752402,4256.888488769531,4635.7473974609375,4881.056906738281,1.2492843252937464,0.037432236451704334,0.029247101087490877,0,0,0,1,1,1,3,Bullish,early_breakout
2026-03-18,BNTX,90.0,-0.15879987104404758,-0.040613982067465915,-0.09329036809329783,-0.028351899206317865,-0.01226208286114805,100.96600036621093,105.70119995117187,102.49699974060059,1.3637120367798519,0.06332143753293962,-0.1086108227169192,0,0,0,1,1,1,3,Bullish,neutral
2026-03-18,CAR,101.5199966430664,-0.168550385653089,-0.2106368388050901,-0.3459184830123705,-0.028351899206317865,-0.18228493959877223,96.96300048828125,111.5902000427246,123.41989990234374,1.281028209549447,0.048315608514178696,0.04699726835841783,0,0,0,1,1,1,3,Bullish,neutral
2026-03-18,CELH,41.5,-0.05488498874486203,-0.05272771743621352,-0.24914058881339174,-0.028351899206317865,-0.02437581822989565,46.53250007629394,49.20319984436035,47.92319999694824,1.257968535835501,0.05944923361484442,-0.10815021905211919,0,0,0,1,1,1,3,Bullish,neutral
2026-03-18,CRM,194.33999633789062,0.05453363404356937,-0.23662504933573203,-0.1879152633800536,-0.028351899206317865,-0.20827315012941416,193.67749938964843,208.82839935302735,229.39350067138673,1.1025733504084014,0.03985285012106374,0.003420619072065539,0,0,0,1,1,1,3,Bullish,early_breakout
2026-03-18,CRSP,47.689998626708984,-0.10306563345787356,-0.1521778021918403,-0.22062428996537597,-0.028351899206317865,-0.12382590298552243,54.69599990844726,53.79299995422363,54.99260009765625,1.1581490429084023,0.06928376831354416,-0.12808982911849592,0,0,0,1,1,1,3,Bullish,neutral
2026-03-18,CRWD,435.80999755859375,0.05195697094080698,-0.10597575960109229,-0.020607697427595495,-0.028351899206317865,-0.07762386039477442,407.7740005493164,427.67840087890625,469.4310012817383,1.3098473204285372,0.04219484077294192,0.06875376304401408,0,0,0,1,1,1,3,Bullish,early_breakout
2026-03-18,CYBR,408.8500061035156,-0.1144874192238603,-0.18136673387789126,-0.013702247587647709,-0.028351899206317865,-0.1530148346715734,423.92249908447263,443.57289916992187,467.08465057373047,1.4487428228373158,0.032853471406849404,-0.035554831398447666,0,0,0,1,1,1,3,Bullish,neutral
2026-03-18,DECK,104.54000091552734,-0.10916061120715492,0.005288999548575202,-0.1192181416700564,-0.028351899206317865,0.03364089875489307,110.08200035095214,108.67200042724609,100.46739990234374,0.802765248064824,0.037203802011114555,-0.05034428351371128,1,0,0,0,1,1,3,Bullish,neutral
2026-03-18,DOCU,48.900001525878906,0.0816191664704895,-0.28288605697151425,-0.40154201353832386,-0.028351899206317865,-0.2545341577651964,46.270499801635744,51.35849983215332,60.08205013275146,1.1422687114150518,0.047176453224089976,0.05682890255164707,0,0,0,1,1,1,3,Bullish,early_breakout
2026-03-18,DUOL,100.05000305175781,-0.10733403446433254,-0.46200998873457155,-0.6436204084490017,-0.028351899206317865,-0.4336580895282537,103.29274978637696,125.59940032958984,165.37300064086915,1.2334755393539993,0.07315414248059164,-0.03139374971937115,0,0,0,1,1,1,3,Bullish,neutral
2026-03-18,EA,200.61000061035156,0.00541272910169921,-0.0175807854629918,0.1657949702215087,-0.028351899206317865,0.010771113743326066,200.33400115966796,201.76720001220704,202.07429992675782,0.8697654010721694,0.007676569219819151,0.0013776964922875246,0,1,0,0,1,1,3,Bullish,neutral
2026-03-18,ESTC,55.7599983215332,-0.07743217093833032,-0.24362456052328618,-0.3556737031241639,-0.028351899206317865,-0.21527266131696832,54.574499893188474,62.82400001525879,71.6945000076294,1.2735681479180698,0.060834703714891906,0.02172257062666539,0,0,0,1,1,1,3,Bullish,neutral
2026-03-18,EXPE,240.0399932861328,0.19768483923340607,-0.1531487636317047,0.06693927391141075,-0.028351899206317865,-0.12479686442538684,222.54099807739257,246.2415985107422,252.05410034179687,1.072840290798539,0.05331775827942664,0.0786326805394063,0,1,0,0,1,1,3,Bullish,early_breakout
2026-03-18,FIVN,15.640000343322754,-0.042253495628106985,-0.24077669642223065,-0.3866666532030293,-0.028351899206317865,-0.2124247972159128,17.328000020980834,17.7178000831604,19.25465006828308,1.1986046261736627,0.06184645751506887,-0.0974145703840167,0,0,0,1,1,1,3,Bullish,neutral
2026-03-18,GOEV,0.3700000047683716,0.0,0.0,0.0,-0.028351899206317865,0.028351899206317865,0.3700000047683716,0.3700000047683716,0.3700000047683716,,0.0,0.0,1,0,0,0,1,1,3,Bullish,neutral
2026-03-18,GTLB,22.6299991607666,-0.20372979943645297,-0.41357867138414595,-0.5501888582181474,-0.028351899206317865,-0.3852267721778281,24.849499893188476,30.30369987487793,36.189149932861326,1.2502511803294856,0.06289628944038851,-0.08931772236713159,0,0,0,1,1,1,3,Bullish,neutral
2026-03-18,ILMN,122.94999694824219,0.05527417984665117,-0.08871925128337477,0.21156871187511306,-0.028351899206317865,-0.0603673520770569,123.74100036621094,132.41280014038085,128.54060035705567,0.8882578074647065,0.03922616972543062,-0.006392411695620544,0,1,0,0,1,1,3,Bullish,early_breakout
2026-03-18,INTU,446.7900085449219,0.17833687454842773,-0.3174610064031904,-0.31400273772622156,-0.028351899206317865,-0.28910910719687255,425.35400390625,477.91560424804686,568.5234020996094,1.148276675482276,0.047214576909192806,0.05039568087243507,0,0,0,1,1,1,3,Bullish,early_breakout
2026-03-18,KEY,19.06999969482422,-0.12079302788026569,-0.06793741211373394,0.02361785044973197,-0.028351899206317865,-0.039585512907416076,20.33699998855591,21.1742000579834,20.071300048828125,1.1086672724629303,0.03524610727412399,-0.06230025541843245,0,0,0,1,1,1,3,Bullish,neutral
2026-03-18,MDB,268.5199890136719,-0.24223953010024057,-0.3545192571786734,-0.17976603531563518,-0.028351899206317865,-0.3261673579723555,290.0169982910156,346.44079956054685,362.8367007446289,1.3438086562304714,0.0728298969667201,-0.07412327347713847,0,0,0,1,1,1,3,Bullish,neutral
2026-03-18,MELI,1690.260009765625,-0.1443930927152539,-0.14058654773693002,-0.2928196315980377,-0.028351899206317865,-0.11223464853061216,1782.6654968261719,1974.99900390625,2029.8584020996093,1.1767344726522984,0.040284584354685266,-0.05183557275611385,0,0,0,1,1,1,3,Bullish,neutral
2026-03-18,NTES,117.0,-0.02092050209205021,-0.1534008496120436,-0.25510922172116257,-0.028351899206317865,-0.12504895040572572,116.83200111389161,125.31660095214843,132.4631005859375,1.1199733556077764,0.023076920282273067,0.0014379526542956497,0,0,0,1,1,1,3,Bullish,neutral
2026-03-18,OKTA,78.43000030517578,-0.04887216619016099,-0.11077094082893979,-0.12778022795531718,-0.028351899206317865,-0.08241904162262192,76.4247501373291,83.77970016479492,84.97680015563965,1.2487712004058698,0.04593803357453315,0.026238229948327082,0,0,0,1,1,1,3,Bullish,neutral
2026-03-18,ONON,39.04999923706055,-0.16309474143244418,-0.18288348003833377,-0.09228268662155892,-0.028351899206317865,-0.1545315808320159,43.34049968719482,44.90959983825684,44.236599884033204,1.1408507063002642,0.055483813381628916,-0.09899517728453706,0,0,0,1,1,1,3,Bullish,neutral
2026-03-18,PINS,18.770000457763672,0.21018698779973266,-0.2713509203808566,-0.48220688392376077,-0.028351899206317865,-0.24299902117453875,18.334000015258788,21.09199993133545,24.336199989318846,1.1428522742951082,0.04773956038395033,0.023780977535835898,0,0,0,1,1,1,3,Bullish,early_breakout
2026-03-18,RIOT,14.100000381469727,-0.03754261101583045,0.02844641445934415,-0.19520547870639093,-0.028351899206317865,0.056798313665662015,15.419750118255616,15.68730001449585,15.74894998550415,0.9061896162267348,0.08498480991068372,-0.08558827002153702,2,0,0,0,0,1,3,Bullish,neutral
2026-03-18,SE,84.47000122070312,-0.22154640532903103,-0.305116790743704,-0.5532342627149038,-0.028351899206317865,-0.27676489153738615,96.92199974060058,110.94519973754883,124.679599609375,1.125452577441775,0.0676250094772281,-0.12847442843960763,0,0,0,1,1,1,3,Bullish,neutral
2026-03-18,SOFI,17.18000030517578,-0.11942593010618285,-0.33462430254716,-0.3734500270833767,-0.028351899206317865,-0.30627240334084216,18.422500228881837,21.651600036621094,24.87790002822876,1.1541378370463944,0.06330034177479152,-0.06744469579422935,0,0,0,1,1,1,3,Bullish,neutral
2026-03-18,TWLO,126.55000305175781,0.1664670065775664,-0.055315043973809486,0.2393497433681202,-0.028351899206317865,-0.02696314476749162,121.87050018310546,122.1784001159668,125.78830039978027,0.7574719724077265,0.03837162051677591,0.03839733866375856,0,1,0,0,1,1,3,Bullish,early_breakout
2026-03-18,ULTA,520.6500244140625,-0.2633909354305529,-0.11933353575145556,-0.00868223637749077,-0.028351899206317865,-0.09098163654513769,638.3465026855469,657.2440002441406,605.6181021118164,1.2636188080514676,0.05045630457103401,-0.1843771020540271,0,0,0,1,1,1,3,Bullish,neutral
2026-03-18,W,76.76000213623047,-0.09937816364070429,-0.22134306440995088,-0.12012833544430157,-0.028351899206317865,-0.19299116520363302,76.65250053405762,92.72900009155273,96.91120002746582,1.1426739223711582,0.06255117932514222,0.0014024539502802212,0,0,0,1,1,1,3,Bullish,neutral
2026-03-18,WAL,66.69999694824219,-0.29514954153892226,-0.22603856217164187,-0.23605544824944236,-0.028351899206317865,-0.197686662965324,78.53549995422364,85.80640014648438,83.78549987792968,1.3865900135274936,0.058481476878292804,-0.15070258689229796,0,0,0,1,1,1,3,Bullish,neutral
2026-03-18,WDAY,132.2899932861328,-0.07567078116644022,-0.38441136787627894,-0.39596367013285483,-0.028351899206317865,-0.3560594686699611,137.947998046875,161.88039916992187,192.68289932250977,1.2599424047518553,0.05139142225752612,-0.04101549019087313,0,0,0,1,1,1,3,Bullish,neutral
2026-03-18,ZM,76.43000030517578,-0.13784547107013678,-0.11682459560198122,-0.10293423658681655,-0.028351899206317865,-0.08847269639566335,78.73549995422363,84.75370010375977,85.01314994812012,1.1722676465557436,0.034974102112274606,-0.029281577565243765,0,0,0,1,1,1,3,Bullish,neutral
2026-03-18,ZS,155.99000549316406,-0.09618165129471168,-0.3226954663421493,-0.44676546240420645,-0.028351899206317865,-0.29434356713583143,156.05000076293945,181.7059002685547,226.9739505004883,1.3090846623725962,0.05434689057868291,-0.0003844618358350775,0,0,0,1,1,1,3,Bullish,neutral
2026-03-18,AAPL,249.94000244140625,-0.05282705086956818,-0.08817622196125685,0.049506650628118765,-0.028351899206317865,-0.059824322754938986,261.39849853515625,261.64479858398437,267.3239990234375,0.7990476409200066,0.022765455814085404,-0.04383535543609449,0,0,0,0,1,1,2,Neutral,neutral
2026-03-18,ABR,7.710000038146973,0.051841762400563596,-0.07995227531552906,-0.33188907594164807,-0.028351899206317865,-0.0516003761092112,7.907000017166138,7.837200021743774,8.44240002155304,1.0530216415121971,0.0522975678725166,-0.02491462989648125,0,0,0,0,1,1,2,Neutral,early_breakout
2026-03-18,ADBE,246.0,-0.05548094271366344,-0.29944466958322535,-0.302582733711493,-0.028351899206317865,-0.2710927703769075,263.5859977722168,281.093200378418,309.8754997253418,1.0963522289062606,0.04250291830986634,-0.06671825484225488,0,0,0,0,1,1,2,Neutral,neutral
2026-03-18,AFRM,44.41999816894531,-0.1391472968507308,-0.323484683346448,-0.5062250042128744,-0.028351899206317865,-0.2951327841401301,48.85050010681152,59.39430015563965,65.52900005340577,0.9357668156114177,0.07172925458010283,-0.09069511935761,0,0,0,0,1,1,2,Neutral,neutral
2026-03-18,AI,8.609999656677246,-0.1721153872605613,-0.4122866975513939,-0.5080000196184431,-0.028351899206317865,-0.38393479834507604,9.238000011444091,11.04019998550415,13.033600006103516,1.0598668920181114,0.056570429420716176,-0.06798012058766774,0,0,0,0,1,1,2,Neutral,neutral
2026-03-18,ALLY,37.59000015258789,-0.08961009156936217,-0.16187287778219872,-0.13187065092568084,-0.028351899206317865,-0.13352097857588086,39.096999931335446,41.40280006408691,41.693100128173825,0.9869836288994147,0.04088852972741971,-0.038545151326041416,0,0,0,0,1,1,2,Neutral,neutral
2026-03-18,ALNY,314.79998779296875,-0.053546190261753335,-0.19591318571400063,-0.31749199016111773,-0.028351899206317865,-0.16756128650768276,324.6320007324219,342.013798828125,387.6733999633789,0.7632330738418615,0.029110309803840214,-0.0302866412345996,0,0,0,0,1,1,2,Neutral,neutral
2026-03-18,AMD,199.4600067138672,-0.01782546328810375,-0.03911742482686842,0.2430512175507067,-0.028351899206317865,-0.010765525620550553,200.32249908447267,214.7983999633789,221.1213998413086,0.9016678769034228,0.04109309282831146,-0.004305519222989433,0,0,0,0,1,1,2,Neutral,neutral
2026-03-18,AMZN,209.8699951171875,0.043350740667636334,-0.056933578463151724,-0.10331129083225499,-0.028351899206317865,-0.02858167925683386,210.89650039672853,222.234599609375,227.03150009155274,0.8958993270778952,0.02671381333359923,-0.004867341457112914,0,0,0,0,1,1,2,Neutral,neutral
2026-03-18,APP,442.57000732421875,0.1758595078981806,-0.3445009416553373,-0.2670254781853898,-0.028351899206317865,-0.3161490424490194,449.51300048828125,489.520400390625,562.9350506591796,0.8658192463704552,0.062060171873424184,-0.01544558924106913,0,0,0,0,1,1,2,Neutral,early_breakout
2026-03-18,ARBK,2.890000104904175,0.0,-0.48939926098663167,-0.9481409691417363,-0.028351899206317865,-0.4610473617803138,2.9501500010490416,3.5155600118637085,23.850720059871673,0.4259537818308119,0.06211073056458778,-0.02038875857955633,0,0,0,0,1,1,2,Neutral,neutral
2026-03-18,ARDX,5.550000190734863,-0.17899408242285186,-0.1048386513752676,-0.13551399925548047,-0.028351899206317865,-0.07648675216894973,6.162999987602234,6.829799995422364,6.281400008201599,0.8856863944656794,0.05462033220316998,-0.09946451372716346,0,0,0,0,1,1,2,Neutral,neutral
2026-03-18,ARR,16.6200008392334,-0.06524183366783454,-0.02407515154909068,0.11768668239021451,-0.028351899206317865,0.004276747657227187,17.65800008773804,17.93460006713867,17.4467000579834,0.8997346971356228,0.027634486638715285,-0.05878351134596727,0,0,0,0,1,1,2,Neutral,neutral
2026-03-18,AVGO,315.92999267578125,-0.04994892476794055,-0.07027458007233833,-0.1224166870117187,-0.028351899206317865,-0.04192268086602047,327.9829986572266,331.56239929199216,346.7130999755859,1.05464586933896,0.04111447210043535,-0.03674887427333348,0,0,0,0,1,1,2,Neutral,neutral
2026-03-18,BBAI,3.799999952316284,-0.0355330210332383,-0.36348407271982575,-0.36026937445949425,-0.028351899206317865,-0.3351321735135079,3.990500009059906,4.809599986076355,5.49210001707077,0.6556100841599376,0.07321238161475438,-0.04773839276058553,0,0,0,0,1,1,2,Neutral,neutral
2026-03-18,BEAM,25.31999969482422,-0.07893779899459341,-0.056280291955858375,0.10519423236418479,-0.028351899206317865,-0.02792839274954051,27.28300008773804,28.500300025939943,26.86224998474121,1.0032140771662548,0.062344834216707085,-0.0719495798336365,0,0,0,0,1,1,2,Neutral,neutral
2026-03-18,BITF,2.319999933242798,0.1047619231433834,-0.08300396858566605,-0.19723188614911025,-0.028351899206317865,-0.05465206937934819,2.187499988079071,2.374899990558624,2.737899998426437,0.8364762120801716,0.07897167891094382,0.06057140383350601,0,0,0,0,1,1,2,Neutral,early_breakout
2026-03-18,BLNK,0.5699999928474426,-0.1492537632103239,-0.2821159047556848,-0.577777790532681,-0.028351899206317865,-0.25376400554936696,0.6595500022172928,0.7279799997806549,0.9758700001239776,0.6113181550004188,0.05989975574195527,-0.1357744053806361,0,0,0,0,1,1,2,Neutral,neutral
2026-03-18,BTBT,1.6200000047683716,-0.052631597292903454,-0.21739127680524617,-0.4527027081450552,-0.028351899206317865,-0.1890393775989283,1.686249977350235,1.890599980354309,2.2297999906539916,0.7489414978629967,0.07182099495289525,-0.03928834601733746,0,0,0,0,1,1,2,Neutral,neutral
2026-03-18,BXMT,18.8799991607666,-0.03967450115459592,-0.08482792395494076,-0.024793462523359122,-0.028351899206317865,-0.0564760247486229,19.203000164031984,19.347000274658203,19.271800098419188,0.8164449016225155,0.02413742874700972,-0.01682034059815177,0,0,0,0,1,1,2,Neutral,neutral
2026-03-18,CHPT,5.300000190734863,-0.09710386813234662,-0.3299620362864042,-0.5023473821057023,-0.028351899206317865,-0.3016101370800863,5.932000017166137,6.231199989318847,7.456200022697448,0.8749373965291815,0.06919138266088029,-0.10654076611638244,0,0,0,0,1,1,2,Neutral,neutral
2026-03-18,CHWY,24.329999923706055,0.02226893712753597,-0.26584187170185225,-0.3627553763951171,-0.028351899206317865,-0.23748997249553438,25.82499990463257,28.147999992370604,30.859900131225587,0.9993312040435054,0.04666491226280256,-0.05788964129515204,0,0,0,0,1,1,2,Neutral,neutral
2026-03-18,CIFR,14.670000076293945,-0.06202047607006189,-0.004748961730744239,0.2745438561749789,-0.028351899206317865,0.023602937475573627,15.09150013923645,16.099000034332274,16.904849929809572,0.8581088884557773,0.08508131677821347,-0.027929633174547365,1,0,0,0,0,1,2,Neutral,neutral
2026-03-18,CLSK,9.880000114440918,0.06465521538087615,-0.1707931056590306,-0.11785711761639994,-0.028351899206317865,-0.14244120645271274,9.955499982833862,10.903099994659424,12.281149950027466,0.7127550794843941,0.07815209249118413,-0.007583734470707389,0,0,0,0,1,1,2,Neutral,early_breakout
2026-03-18,COIN,202.2899932861328,0.21846758270255195,-0.19219712976094538,-0.38309294920267234,-0.028351899206317865,-0.16384523055462752,188.97050094604492,197.64919921875,237.49450012207032,1.0353820064722818,0.06161593364911965,0.07048450564191967,0,0,0,0,1,1,2,Neutral,early_breakout
2026-03-18,COMP,8.079999923706055,-0.20000003776927844,-0.21856868428732124,-0.12742983542218211,-0.028351899206317865,-0.19021678508100337,9.177500009536743,11.006600017547607,10.372200021743774,0.7586087431689312,0.0681665617838485,-0.11958595311252825,0,0,0,0,1,1,2,Neutral,neutral
2026-03-18,COTY,2.119999885559082,-0.17187502619344797,-0.35365856583809185,-0.49643708637774786,-0.028351899206317865,-0.325306666631774,2.4210000157356264,2.782000012397766,3.112499997615814,0.7961776226752805,0.047169801014300815,-0.12432884271794802,0,0,0,0,1,1,2,Neutral,neutral
2026-03-18,CROX,77.83000183105469,-0.22107682889005598,-0.14151777313921376,-0.014685353387595135,-0.028351899206317865,-0.1131658739328959,86.83100051879883,86.74060012817382,85.44230010986328,1.0220070198439348,0.04077566858272793,-0.10366111911604008,0,0,0,0,1,1,2,Neutral,neutral
2026-03-18,CSIQ,18.520000457763672,-0.02833153322714488,-0.19161935481829906,0.5167895495415842,-0.028351899206317865,-0.1632674556119812,18.331500148773195,19.756199989318848,21.950199995040894,0.6630274808847662,0.06190218988746849,0.010282863238723655,0,0,0,0,1,1,2,Neutral,neutral
2026-03-18,CVNA,291.1700134277344,-0.17031398130126596,-0.3499508735956256,-0.20137684425689206,-0.028351899206317865,-0.32159897438930773,320.5510025024414,382.16360046386717,380.3476007080078,0.9664606659972618,0.06948763683959432,-0.09165776692426117,0,0,0,0,1,1,2,Neutral,neutral
2026-03-18,DASH,164.99000549316406,0.01632382170169433,-0.27310772491504576,-0.37287617245140403,-0.028351899206317865,-0.2447558257087279,172.27099990844727,188.89899993896483,205.87525009155274,1.0039764752539173,0.043799182436083106,-0.04226477131468825,0,0,0,0,1,1,2,Neutral,neutral
2026-03-18,DDOG,131.25999450683594,0.07098561620061128,-0.07595922782902298,-0.024741822733204133,-0.028351899206317865,-0.047607328622705114,119.44424934387207,123.24460006713868,140.3243500518799,0.8231570117551686,0.047177363875601716,0.09892267922373657,0,0,0,0,1,1,2,Neutral,early_breakout
2026-03-18,DIDIY,4.150000095367432,-0.11513858321209913,-0.19884165388120145,-0.3897058854466078,-0.028351899206317865,-0.1704897546748836,4.292249965667724,4.636599988937378,5.077739996910095,0.9838268566586656,0.04898449937852772,-0.03314109649673296,0,0,0,0,1,1,2,Neutral,neutral
2026-03-18,DX,12.930000305175781,-0.07444523564595595,-0.05205278741026875,0.047812005291114845,-0.028351899206317865,-0.023700888203950887,13.633500003814698,13.95840000152588,13.811499967575074,0.9429372282362418,0.026074457232781328,-0.05160081405670407,0,0,0,0,1,1,2,Neutral,neutral
2026-03-18,EDIT,2.3499999046325684,0.3505746504324625,-0.03688530757266251,-0.16961131873279256,-0.028351899206317865,-0.008533408366344641,2.2167500078678133,2.0825999999046325,2.3136499989032746,1.100193341835918,0.09756841229365668,0.060110475376933384,0,0,0,1,0,1,2,Neutral,early_breakout
2026-03-18,ELF,70.30999755859375,-0.1944317307292226,-0.10547075160894326,-0.5092825365883997,-0.028351899206317865,-0.07711885240262539,83.00100021362304,84.06540023803711,85.02880004882813,0.9491324411423859,0.07125993013392218,-0.15290180386219376,0,0,0,0,1,1,2,Neutral,neutral
2026-03-18,ENVX,4.840000152587891,-0.18243241719384562,-0.38734176023288003,-0.4561797348270945,-0.028351899206317865,-0.35898986102656216,5.3390000581741335,6.385900039672851,7.6093500089645385,0.947882565317279,0.07204102848648739,-0.09346317665276335,0,0,0,0,1,1,2,Neutral,neutral
2026-03-18,FITB,43.900001525878906,-0.17263474576581916,-0.08216600783452488,-0.024444410536024308,-0.028351899206317865,-0.053814108628207014,48.16050033569336,50.07720031738281,47.325100135803225,0.7808728085153193,0.03627564080394698,-0.08846458778703452,0,0,0,0,1,1,2,Neutral,neutral
2026-03-18,FLNC,15.989999771118164,-0.10067496323955749,-0.2569702866642122,1.1319999694824219,-0.028351899206317865,-0.2286183874578943,16.093999910354615,20.869000034332274,20.387600002288817,0.793759855147216,0.06988698537435233,-0.006462044228640695,0,0,0,0,1,1,2,Neutral,neutral
2026-03-18,FSLR,197.80999755859375,-0.12492813586336493,-0.2269725349548155,-0.03624848936129721,-0.028351899206317865,-0.19862063574849764,206.4200012207031,224.36820037841798,242.25840087890626,0.9994525685882568,0.03530443723788575,-0.0417110920026766,0,0,0,0,1,1,2,Neutral,neutral
2026-03-18,GH,87.2699966430664,-0.1852301732259325,-0.14999514756528898,0.5752706541406885,-0.028351899206317865,-0.12164324835897111,92.55999908447265,102.80359970092773,100.33409965515136,0.9778881750987077,0.0473489442207175,-0.05715214448714991,0,0,0,0,1,1,2,Neutral,neutral
2026-03-18,GLBE,34.02000045776367,0.14545453144280196,-0.11636362447367088,-0.05263156217430731,-0.028351899206317865,-0.08801172526735301,34.983499908447264,35.749400024414065,36.86584991455078,0.8099427218277138,0.041719145985181755,-0.0275415396745636,0,0,0,0,1,1,2,Neutral,early_breakout
2026-03-18,GREE,1.2899999618530273,0.0749999254941971,-0.17307691719875273,-0.14569538410575422,-0.028351899206317865,-0.14472501799243487,1.3264999985694885,1.3568000030517577,1.4955999982357024,1.1160044530027367,0.13621261752346508,-0.027516047309327708,0,0,0,1,0,1,2,Neutral,early_breakout
2026-03-18,GS,805.47998046875,-0.12069341973117853,-0.09454922362836249,0.025396802703687937,-0.028351899206317865,-0.06619732442204462,852.9225067138672,902.905,868.657802734375,1.0144784548759966,0.04079422345936877,-0.05562348967423001,0,0,0,0,1,1,2,Neutral,neutral
2026-03-18,HBAN,15.109999656677246,-0.1350887091834746,-0.1482525450041281,-0.13310387882263086,-0.028351899206317865,-0.11990064579781023,16.46700005531311,17.378399982452393,16.94549995422363,0.7907619205083611,0.03413067192222345,-0.0824072626512214,0,0,0,0,1,1,2,Neutral,neutral
2026-03-18,HD,330.92999267578125,-0.1360432714772909,-0.07299923883435655,-0.2147823393270738,-0.028351899206317865,-0.044647339628038685,361.72849731445314,371.86699829101565,365.2085986328125,0.9581291648314845,0.028167366506226442,-0.08514259967717867,0,0,0,0,1,1,2,Neutral,neutral
2026-03-18,HIMS,23.149999618530273,0.4228641036997405,-0.3613793208681304,-0.5450972706586585,-0.028351899206317865,-0.33302742166181254,19.09299988746643,23.644999961853028,31.13239995956421,1.3725760800931524,0.1048287653460795,0.21248623867258568,0,0,0,1,0,1,2,Neutral,early_breakout
2026-03-18,HIVE,2.119999885559082,0.0,-0.23741010526008854,-0.4536082930336305,-0.028351899206317865,-0.20905820605377068,2.159499990940094,2.539599995613098,3.1024999976158143,0.7954721055845242,0.07193398189188302,-0.018291320003116198,0,0,0,0,1,1,2,Neutral,neutral
2026-03-18,HOOD,74.9000015258789,-0.007158018266857247,-0.350164843504414,-0.36190148851193715,-0.028351899206317865,-0.32181294429809615,76.90549926757812,89.7245994567871,108.17019981384277,0.8968629657675884,0.05899759885802678,-0.02607742958304537,0,0,0,0,1,1,2,Neutral,neutral
2026-03-18,HUBS,262.1099853515625,0.059843871817039096,-0.2815952282670474,-0.4784399727026921,-0.028351899206317865,-0.25324332906072955,261.82799835205077,282.6403988647461,341.8110987854004,0.9006809024905388,0.060919090997699,0.0010769932982208183,0,0,0,0,1,1,2,Neutral,early_breakout
2026-03-18,ICLR,97.13999938964844,0.09614078513888358,-0.4731246842638075,-0.4389187509386363,-0.028351899206317865,-0.44477278505748963,104.00749893188477,140.52619979858397,157.8796994781494,0.6440489927723952,0.051067603607813435,-0.06602888842403473,0,0,0,0,1,1,2,Neutral,early_breakout
2026-03-18,INCY,92.23999786376953,-0.0881771992430338,-0.06488241651946458,0.09940400698703389,-0.028351899206317865,-0.036530517313146715,97.41700019836426,101.19,100.71650009155273,0.8771230339779278,0.02913208061101611,-0.053142699159829596,0,0,0,0,1,1,2,Neutral,neutral
2026-03-18,INTA,25.649999618530273,0.06874998410542799,-0.39689630014717037,-0.42475892507837065,-0.028351899206317865,-0.3685444009408525,24.441999912261963,30.114999961853027,36.29329992294311,0.993873096586035,0.06580341726981145,0.04942311229050803,0,0,0,0,1,1,2,Neutral,early_breakout
2026-03-18,IONQ,32.380001068115234,-0.024110886971141943,-0.2971564731363999,-0.47992287277469603,-0.028351899206317865,-0.26880457393008206,34.75450010299683,39.4422002029419,45.318899974823,1.06897033787225,0.06869099692597615,-0.06832205981512147,0,0,0,0,1,1,2,Neutral,neutral
2026-03-18,IQV,167.02000427246094,0.01568962413494246,-0.2531413467527158,-0.105936478479561,-0.028351899206317865,-0.22478944754639796,170.08400039672853,198.79739959716798,210.31799987792968,1.008891624756002,0.04093179131958765,-0.018014605236945754,0,0,0,0,1,1,2,Neutral,neutral
2026-03-18,JD,28.200000762939453,0.031833181180463965,-0.022530315768999665,-0.18755397560484,-0.028351899206317865,0.005821583437318201,27.25850009918213,28.17120002746582,29.25915002822876,1.088913598967911,0.027829288321092067,0.034539709093735986,0,0,0,0,1,1,2,Neutral,neutral
2026-03-18,JKS,24.219999313354492,-0.08500189113585821,-0.07451282985305985,-0.07060630047182359,-0.028351899206317865,-0.04616093064674198,25.358999919891357,26.618999900817872,26.39509998321533,0.738068766169396,0.04866255807814314,-0.04491504436826956,0,0,0,0,1,1,2,Neutral,neutral
2026-03-18,JPM,287.739990234375,-0.06313292202054921,-0.10086869535489484,-0.06937485700591561,-0.028351899206317865,-0.07251679614857698,294.85350189208987,304.9664013671875,308.6154010009766,0.9278772640802544,0.026306650807428434,-0.024125579693193743,0,0,0,0,1,1,2,Neutral,neutral
2026-03-18,KURA,8.390000343322754,-0.010613113652343409,-0.20549242330169437,0.004790414374326923,-0.028351899206317865,-0.1771405240953765,8.698500061035157,8.611200046539306,9.659500045776367,1.05757442359724,0.053864304247848396,-0.03546585222138746,0,0,0,0,1,1,2,Neutral,neutral
2026-03-18,LCID,9.949999809265137,0.003024166606901746,-0.15749369553468062,-0.4954360975800368,-0.028351899206317865,-0.12914179632836276,10.038499975204468,10.427399997711182,12.192450008392335,0.9082961657379,0.0635534806669126,-0.008816074728089922,0,0,0,0,1,1,2,Neutral,neutral
2026-03-18,LLY,918.0499877929688,-0.1138941706229597,-0.13570073298044238,0.20052040827810091,-0.028351899206317865,-0.10734883377412452,1002.4290008544922,1031.692607421875,1016.92150390625,0.8995360686900676,0.032077299922080416,-0.08417455300035907,0,0,0,0,1,1,2,Neutral,neutral
2026-03-18,LULU,165.38999938964844,-0.06937880793587536,-0.19826455585634917,0.018787748679072402,-0.028351899206317865,-0.1699126566500313,172.40400085449218,182.0631997680664,183.55529907226563,1.0348702846421451,0.0374655511480877,-0.040683519118349894,0,0,0,0,1,1,2,Neutral,neutral
2026-03-18,LYFT,13.460000038146973,0.012030063542673552,-0.2960251335069167,-0.33333334907832746,-0.028351899206317865,-0.26767323430059886,13.530499982833863,15.744400062561034,18.263800067901613,0.9754679288433307,0.04571747346835446,-0.005210446382346077,0,0,0,0,1,1,2,Neutral,neutral
2026-03-18,MAXN,2.309999942779541,-0.07600002288818364,-0.31044775864466645,-0.41518989496364,-0.028351899206317865,-0.2820958594383486,2.430999994277954,2.738999991416931,2.976899998188019,0.3581734441834125,0.06833025040556963,-0.049773776957310126,0,0,0,0,1,1,2,Neutral,neutral
2026-03-18,MCD,315.7300109863281,-0.03629199776590686,-0.009412354960602332,0.041016855454912626,-0.028351899206317865,0.018939544245715534,329.4894989013672,320.99559997558595,314.27359985351563,0.9440389105014623,0.018528480602564287,-0.041760019548173766,0,0,0,0,1,1,2,Neutral,neutral
2026-03-18,MEDP,454.79998779296875,0.06217010503184395,-0.1865934866287674,-0.07329299269703526,-0.028351899206317865,-0.15824158742244954,456.6940002441406,518.3854022216797,549.3592025756836,0.948740230110451,0.03982754941367924,-0.0041472242905739275,0,0,0,0,1,1,2,Neutral,early_breakout
2026-03-18,META,615.6799926757812,-0.036931574345050455,-0.04915756762025203,-0.20965341119925385,-0.028351899206317865,-0.020805668413934164,644.5834991455079,652.1911975097656,651.4568994140625,0.7966193831828039,0.030423952990851707,-0.044840593201722574,0,0,0,0,1,1,2,Neutral,neutral
2026-03-18,MSFT,391.7900085449219,-0.012775228024436203,-0.1748662598427575,-0.23033552968686333,-0.028351899206317865,-0.14651436063643963,400.0074996948242,424.59419982910157,459.62560089111327,0.9124223779907442,0.02117752050316453,-0.02054334270275351,0,0,0,0,1,1,2,Neutral,neutral
2026-03-18,MVST,1.7200000286102295,-0.2680850645059246,-0.3964911978367319,-0.46749225434877695,-0.028351899206317865,-0.36813929863041406,2.149999976158142,2.5423999786376954,3.186849992275238,1.182694016971139,0.12109634385709096,-0.19999997782152729,0,0,0,1,0,1,2,Neutral,neutral
2026-03-18,NKE,53.470001220703125,-0.17510025497620263,-0.2111241932179656,-0.2650171653511598,-0.028351899206317865,-0.18277229401164774,59.07950000762939,61.96880004882812,62.91969997406006,1.0496220511806331,0.031058809057024062,-0.09494831178669198,0,0,0,0,1,1,2,Neutral,neutral
2026-03-18,NLY,21.920000076293945,-0.04612704469354523,-0.019678019769548638,0.003663000144099149,-0.028351899206317865,0.008673879436769227,22.657500076293946,23.06,22.593700046539308,0.9065524378219696,0.024113646304994966,-0.03254992817021464,0,0,0,0,1,1,2,Neutral,neutral
2026-03-18,NOW,113.70999908447266,0.07364739073419391,-0.25699160956003453,-0.3899743378398943,-0.028351899206317865,-0.22863971035371666,112.18650016784667,118.52900009155273,142.79353965759276,0.9070099116065524,0.046641210238584856,0.013580055660410255,0,0,0,0,1,1,2,Neutral,early_breakout
2026-03-18,OPEN,5.28000020980835,0.21939960804645642,-0.1839257525459752,-0.4080717304206495,-0.028351899206317865,-0.15557385333965734,5.080000019073486,5.438900022506714,6.267650012969971,0.937203493621169,0.06912878693805805,0.03937011613857053,0,0,0,0,1,1,2,Neutral,early_breakout
2026-03-18,ORCL,152.89999389648438,-0.0069494532424208,-0.17315598415270939,-0.50138595486782,-0.028351899206317865,-0.14480408494639152,151.797998046875,164.12419860839844,191.745799407959,1.0440520090084557,0.05048362650463314,0.007259620441562648,0,0,0,0,1,1,2,Neutral,neutral
2026-03-18,OTLY,10.149999618530273,-0.1332195059380682,-0.08476109297782697,-0.4166666758014783,-0.028351899206317865,-0.0564091937715091,11.225250005722046,11.304499988555909,12.036599988937377,0.8442241355959349,0.053096413510622005,-0.0957885469493923,0,0,0,0,1,1,2,Neutral,neutral
2026-03-18,PACB,1.3300000429153442,-0.15822784380354282,-0.3726414553250793,0.0813008311310306,-0.028351899206317865,-0.34428955611876144,1.4999999940395354,1.8643999981880188,1.942699999809265,0.7560866627955241,0.07733617900794135,-0.11333330119980688,0,0,0,0,1,1,2,Neutral,neutral
2026-03-18,PANW,168.91000366210938,0.03308870741351311,-0.09129546360514573,-0.16107079202165542,-0.028351899206317865,-0.06294356439882787,157.89849929809571,169.2220001220703,183.66400024414062,0.9758544837826444,0.030745452039018992,0.06973786586296239,0,0,0,0,1,1,2,Neutral,neutral
2026-03-18,PDD,100.72000122070312,-0.01090052627312288,-0.08768116097268974,-0.21958776440410321,-0.028351899206317865,-0.05932926176637188,103.33100051879883,105.70200012207032,113.74519981384277,0.7720203686960637,0.02602335107191347,-0.02526830559064113,0,0,0,0,1,1,2,Neutral,neutral
2026-03-18,PLTR,152.77000427246094,0.14847390892836443,-0.16633012675328274,-0.10272518970199296,-0.028351899206317865,-0.13797822754696487,145.82450103759766,152.66980072021485,166.7882502746582,0.9867991101940108,0.040642814229788174,0.04762919252555876,0,0,0,0,1,1,2,Neutral,early_breakout
2026-03-18,PMT,11.619999885559082,-0.07114311167381193,-0.08142290624755455,-0.04362137856884174,-0.028351899206317865,-0.053071007041236684,11.991000080108643,12.488000068664551,12.529900016784667,0.7956573721820838,0.02397344269080325,-0.030939887588275247,0,0,0,0,1,1,2,Neutral,neutral
2026-03-18,PTON,4.050000190734863,-0.033412855506848915,-0.35199996948242185,-0.4899244129032615,-0.028351899206317865,-0.323648070276104,3.974999988079071,4.96510000705719,5.870349986553192,0.7872318930407968,0.05291004621333959,0.018867975567475753,0,0,0,0,1,1,2,Neutral,neutral
2026-03-18,PYPL,44.59000015258789,0.0926243237465505,-0.2658874066446447,-0.3329842756862661,-0.028351899206317865,-0.23753550743832685,45.45150012969971,48.50520027160645,55.78785018920898,1.0253493532421059,0.033202519677625636,-0.01895426937842439,0,0,0,0,1,1,2,Neutral,early_breakout
2026-03-18,QS,6.849999904632568,-0.048611099153388904,-0.3674976959474917,-0.32512313674111715,-0.028351899206317865,-0.33914579674117384,6.90675003528595,8.501499996185302,10.81055004119873,0.8269684973584002,0.05039623875617717,-0.008216618577978113,0,0,0,0,1,1,2,Neutral,neutral
2026-03-18,RBLX,58.27000045776367,-0.07507935781327502,-0.32992179080912376,-0.5710394432518835,-0.028351899206317865,-0.3015698916028059,63.26650047302246,68.74020027160644,83.09950016021729,0.7636949705993551,0.05885656795442774,-0.07897544479150308,0,0,0,0,1,1,2,Neutral,neutral
2026-03-18,REGN,744.1199951171875,-0.062266117671020416,-0.011293880118978916,0.2939867114324326,-0.028351899206317865,0.01705801908733895,770.4264923095703,768.9413977050781,741.8803973388672,0.7677201144725831,0.030938738529426326,-0.03414536942197004,0,0,0,0,1,1,2,Neutral,neutral
2026-03-18,RIVN,15.529999732971191,-0.057073443811325064,-0.16951876473987748,0.0844972111685387,-0.028351899206317865,-0.14116686553355962,15.430999994277954,15.961999893188477,16.407199935913084,0.8595852380625981,0.055059336202836553,0.006415639863258887,0,0,0,0,1,1,2,Neutral,neutral
2026-03-18,RKT,14.229999542236328,-0.22536750723250576,-0.21813192605943255,-0.3148772639089057,-0.028351899206317865,-0.18978002685311468,16.183500003814697,18.848400077819825,18.550200004577636,0.8972687121255998,0.06342737194923301,-0.12070939296925255,0,0,0,0,1,1,2,Neutral,neutral
2026-03-18,ROKU,95.66000366210938,0.07992776794651801,-0.12258654140534109,-0.02298028716008249,-0.028351899206317865,-0.09423464219902322,94.91650047302247,97.62180038452148,100.26845001220703,0.8753288419165162,0.050012979609207114,0.007833234320498676,0,0,0,0,1,1,2,Neutral,early_breakout
2026-03-18,RUN,12.789999961853027,-0.33867632570098016,-0.26282422589955123,-0.2124384148946078,-0.028351899206317865,-0.23447232669323337,14.603500080108642,17.270200004577635,18.11079999923706,1.3022863918408283,0.10863955753942822,-0.12418256639213324,0,0,0,1,0,1,2,Neutral,neutral
2026-03-18,RXRX,3.319999933242798,-0.040462457618686276,-0.2095237895204357,-0.31404962219523214,-0.028351899206317865,-0.18117189031411784,3.5170000314712526,3.9792000102996825,4.313600006103516,0.8111062312860514,0.06013339868574115,-0.05601367542383686,0,0,0,0,1,1,2,Neutral,neutral
2026-03-18,S,14.380000114440918,0.07313436744844704,-0.03099730683404034,-0.1952994158304806,-0.028351899206317865,-0.0026454076277224736,13.66700005531311,13.93200002670288,14.957800045013428,1.024239254853285,0.04631432212747704,0.05216946339666001,0,0,0,0,1,1,2,Neutral,early_breakout
2026-03-18,SAVA,2.0,-0.043062161658070086,-0.3174061588969471,-0.03846150319251662,-0.028351899206317865,-0.28905425969062926,2.1612500071525576,2.1128999972343445,2.530900000333786,0.8333538352299383,0.07727498667580741,-0.07460960398792739,0,0,0,0,1,1,2,Neutral,neutral
2026-03-18,SHOP,123.75,0.08992424698031143,-0.22583675148650284,-0.15936421196873196,-0.028351899206317865,-0.19748485228018497,125.33599967956543,132.78419921875,147.02869964599608,0.7909328740758007,0.05627071055843028,-0.01265398356114928,0,0,0,0,1,1,2,Neutral,early_breakout
2026-03-18,SMCI,30.350000381469727,0.007970766066197177,-0.03251515557780893,-0.3242039526923175,-0.028351899206317865,-0.004163256371491064,31.716499900817873,31.24580009460449,33.920899925231936,0.8236715638052363,0.052447638208190483,-0.043084814642895326,0,0,0,0,1,1,2,Neutral,neutral
2026-03-18,SNAP,4.619999885559082,-0.02325584208685716,-0.363636399461844,-0.4031007723283626,-0.028351899206317865,-0.33528450025552614,5.000999999046326,6.07899995803833,6.98199996471405,0.7348724468030603,0.05225726960677329,-0.0761847857548289,0,0,0,0,1,1,2,Neutral,neutral
2026-03-18,SNOW,173.25,-0.021739164149239376,-0.195234109149107,-0.19773094490238086,-0.028351899206317865,-0.16688220994278913,172.95499954223632,187.7933999633789,215.81230056762695,1.0436563980599112,0.04579879455629316,0.0017056486285129747,0,0,0,0,1,1,2,Neutral,neutral
2026-03-18,SPCE,2.5799999237060547,0.031999969482421786,-0.14569538410575422,-0.21341465054559694,-0.028351899206317865,-0.11734348489943636,2.5424999833106994,2.747799987792969,3.1859999918937683,0.5232988506318195,0.0438815018438232,0.01474923919036767,0,0,0,0,1,1,2,Neutral,neutral
2026-03-18,SPWR,1.190000057220459,-0.23717942251961377,-0.26543206560631716,-0.24203820543708232,-0.028351899206317865,-0.2370801663999993,1.3349999845027924,1.5451999926567077,1.6148999989032746,0.9245596048873261,0.0779711862145182,-0.10861417900041194,0,0,0,0,1,1,2,Neutral,neutral
2026-03-18,SRPT,17.15999984741211,-0.04026841986292473,-0.20371227587325147,-0.05193373006886581,-0.028351899206317865,-0.1753603766669336,17.290499925613403,19.238799839019777,19.935099916458128,0.8989278113481232,0.05077382112848794,-0.007547501735792887,0,0,0,0,1,1,2,Neutral,neutral
2026-03-18,STWD,17.639999389648438,-0.02433631282712001,-0.04700166550381257,-0.12586723870741878,-0.028351899206317865,-0.018649766297494708,17.84900007247925,18.040400047302246,18.148500061035158,0.9974527104451201,0.018646743203641448,-0.011709377667215254,0,0,0,0,1,1,2,Neutral,neutral
2026-03-18,TDOC,5.420000076293945,0.18859652287411932,-0.2615803864277856,-0.31130874776259154,-0.028351899206317865,-0.23322848722146772,5.152999997138977,5.586799983978271,6.569200010299682,0.9546970595275297,0.04977464103111044,0.05181449239340398,0,0,0,0,1,1,2,Neutral,early_breakout
2026-03-18,TEAM,73.47000122070312,-0.10566037911078319,-0.538418030622071,-0.5729481278314772,-0.028351899206317865,-0.5100661314157532,76.38500022888184,101.53920013427734,129.82239974975585,1.0984008581535636,0.06678820579204386,-0.038161929690962076,0,0,0,0,1,1,2,Neutral,neutral
2026-03-18,TME,10.300000190734863,-0.3281147917811066,-0.42393732247282423,-0.5957613667276049,-0.028351899206317865,-0.39558542326650636,13.986500024795532,15.553800010681153,17.463900012969972,1.3198666468126021,0.08368239995139833,-0.2635755784166998,0,0,0,1,0,1,2,Neutral,neutral
2026-03-18,TSLA,392.7799987792969,-0.043469804669071244,-0.17363404768089907,-0.06840281929673342,-0.028351899206317865,-0.1452821484745812,402.23799896240234,417.6073992919922,431.4367007446289,0.9696085709068426,0.032858270009408476,-0.0235134428062564,0,0,0,0,1,1,2,Neutral,neutral
2026-03-18,TTD,23.549999237060547,-0.06769600064635406,-0.3492677499114314,-0.4754427219748907,-0.028351899206317865,-0.3209158507051135,25.95025005340576,29.595100173950197,35.62225009918213,1.3725060218765863,0.08942980097137446,-0.092494323230238,0,0,0,1,0,1,2,Neutral,neutral
2026-03-18,TTWO,204.22000122070312,0.0533863226089184,-0.1649492833684938,-0.17563474450905636,-0.028351899206317865,-0.13659738416217593,208.74449996948243,219.90360076904298,233.31210006713866,0.8338177243336352,0.030796620775021464,-0.021674816579314766,0,0,0,0,1,1,2,Neutral,early_breakout
2026-03-18,TWO,9.529999732971191,-0.152888912624783,-0.04795209639713094,-0.04509016331721194,-0.028351899206317865,-0.019600197190813073,9.850500059127807,11.223800029754639,10.657500038146972,0.9947017410146886,0.054676969227798126,-0.03253645238645819,0,0,0,0,1,1,2,Neutral,neutral
2026-03-18,U,19.709999084472656,0.07352932621145714,-0.564130947536357,-0.5707752641461973,-0.028351899206317865,-0.5357790483300391,19.439000034332274,28.613000106811523,35.40290008544922,0.8053910213368939,0.06806735488818488,0.013940997461893931,0,0,0,0,1,1,2,Neutral,early_breakout
2026-03-18,UBER,76.66000366210938,0.08691344093163211,-0.06352305044552642,-0.2163957658459862,-0.028351899206317865,-0.03517115123920855,74.40300064086914,77.59960006713867,82.83460021972657,0.9216727715971307,0.03448808331909214,0.030334838673166074,0,0,0,0,1,1,2,Neutral,early_breakout
2026-03-18,UNH,284.3299865722656,-0.016465494572359574,-0.16643218562130913,-0.16319386781518197,-0.028351899206317865,-0.13808028641499126,286.0494979858398,301.19859985351565,316.6588989257813,0.7742907275253593,0.02609643203095442,-0.006011237305717335,0,0,0,0,1,1,2,Neutral,neutral
2026-03-18,UPST,25.829999923706055,-0.1920550366444218,-0.43908794024651476,-0.6154533180313821,-0.028351899206317865,-0.4107360410401969,27.953500175476073,36.32589992523194,40.4730499458313,1.0484756059787788,0.07489988582174958,-0.0759654511399252,0,0,0,0,1,1,2,Neutral,neutral
2026-03-18,UWMC,3.690000057220459,-0.23760331799835588,-0.29981023328737777,-0.4451127813079263,-0.028351899206317865,-0.2714583340810599,4.125000023841858,4.793800020217896,5.038100018501281,1.0381130125524614,0.06213704048650164,-0.10545453675325264,0,0,0,0,1,1,2,Neutral,neutral
2026-03-18,VFC,16.3799991607666,-0.18466903751334152,-0.14997411667588834,0.11504422250903867,-0.028351899206317865,-0.12162221746957047,18.17100009918213,19.256400108337402,18.045200099945067,0.8738790290071425,0.050998618328290515,-0.0985636964745898,0,0,0,0,1,1,2,Neutral,neutral
2026-03-18,VRTX,451.5899963378906,-0.05390515920454819,-0.009040826829432413,0.15389925705414909,-0.028351899206317865,0.019311072376885452,475.51949920654295,469.99179931640623,453.8813000488281,0.9000164027942267,0.03574829920250063,-0.05032286353889031,0,0,0,0,1,1,2,Neutral,neutral
2026-03-18,WKHS,3.1500000953674316,-0.12499995032946132,-0.47147649744868125,-0.765624985586674,-0.028351899206317865,-0.4431245982423634,3.4394999980926513,4.247600011825561,6.470850038528442,0.744110152591206,0.06387755250328363,-0.08416918240609379,0,0,0,0,1,1,2,Neutral,neutral
2026-03-18,Z,46.27000045776367,0.0523083732819547,-0.3233401240674828,-0.47747036856996283,-0.028351899206317865,-0.29498822486116494,44.67650032043457,54.491100006103515,63.156050033569336,0.9969782319996232,0.054246663488478605,0.03566752377424359,0,0,0,0,1,1,2,Neutral,early_breakout
2026-03-18,ZG,45.709999084472656,0.03909973494835772,-0.31438427568812743,-0.4628672161683638,-0.028351899206317865,-0.28603237648180957,44.592000007629395,54.07179992675781,62.063499755859375,1.0209739620170706,0.05206736996092931,0.025071741044402122,0,0,0,0,1,1,2,Neutral,neutral
2026-03-18,ZION,53.619998931884766,-0.12855517640727798,-0.0934911657030929,-0.05097347023212806,-0.028351899206317865,-0.06513926649677504,57.18050003051758,59.441400299072264,57.13170017242432,0.9026097382230112,0.03823867697588267,-0.062267750312301424,0,0,0,0,1,1,2,Neutral,neutral
2026-03-18,BYND,0.699999988079071,0.0014305967439662837,-0.3269230636971937,-0.741697425009,-0.028351899206317865,-0.29857116449087584,0.7765000015497208,0.8175600004196167,1.0149999976158142,0.9183327446438905,0.11418367721422776,-0.09851901264387992,0,0,0,0,0,1,1,Neutral,neutral
2026-03-18,CAN,0.4569999873638153,0.004395547677262801,-0.42078580227892215,-0.43440597592606844,-0.028351899206317865,-0.3924339030726043,0.49245000034570696,0.6036599999666215,0.810179999768734,0.6781467890810287,0.08574556464525897,-0.07198703006803785,0,0,0,0,0,1,1,Neutral,neutral
2026-03-18,DNA,6.489999771118164,-0.278888914320204,-0.25144178615828094,-0.3894638098543892,-0.028351899206317865,-0.22308988695196308,7.464999985694885,8.614800024032593,9.051699995994568,1.0914951617757358,0.10837552269982165,-0.13060954004622985,0,0,0,0,0,1,1,Neutral,neutral
2026-03-18,FATE,1.059999942779541,-0.2089552862868843,-0.05357148369051945,0.11578942745346055,-0.028351899206317865,-0.025219584484201585,1.3539999961853026,1.2372000002861023,1.1747999995946885,0.9831626777924306,0.09838276524052292,-0.21713445659827466,0,0,0,0,0,1,1,Neutral,neutral
2026-03-18,FCEL,6.789999961853027,-0.06730772442769228,-0.1877990142703222,0.0,-0.028351899206317865,-0.15944711506400433,7.713000011444092,7.883600015640258,7.80920000076294,0.7336424942617962,0.08799705759468568,-0.11966809908227304,0,0,0,0,0,1,1,Neutral,neutral
2026-03-18,MARA,8.920000076293945,0.18774964107052283,-0.16635511819634696,-0.4911580304107306,-0.028351899206317865,-0.1380032189900291,8.662499928474427,9.11719994544983,10.995199942588807,1.0388993702651244,0.08948590341380885,0.029725847035575983,0,0,0,0,0,1,1,Neutral,early_breakout
2026-03-18,STEM,10.59000015258789,-0.0628318607223669,-0.40169493242274856,-0.3597340044494036,-0.028351899206317865,-0.3733430332164307,10.90750012397766,13.948800106048584,15.832800064086914,0.8656609828553583,0.10938889970969089,-0.029108408689523513,0,0,0,0,0,1,1,Neutral,neutral
